id,date,start,end,ticket,comment
FILL-001,2026-09-21,09:00,12:00,AFDS-156,Correction de la révision de modèle à la création de commande
FILL-002,2026-09-21,13:00,18:00,AFDS-156,Révision de l'enregistrement des unités dans l'application de création de commande
FILL-003,2026-09-22,09:00,12:00,AFDS-176,Flow déclencheur des lignes de commande : complétion à la livraison
FILL-004,2026-09-22,13:00,18:00,AFDS-176,Flow déclencheur des lignes de commande : emplacement et date de statut
FILL-005,2026-09-23,09:00,12:00,AFDS-214,Conception du flow de synchronisation nocturne
FILL-006,2026-09-23,13:00,18:00,AFDS-214,Construction et mise en service du flow de synchronisation nocturne
FILL-007,2026-09-24,09:00,12:00,AFDS-176,Reconnexion des flows après la réinitialisation du mot de passe
FILL-008,2026-09-24,13:00,15:00,AFDS-176,Vérification des flows de synchronisation et correction de la commande E21007
FILL-009,2026-09-25,09:00,10:11,AFDS-214,Révision du flow de synchronisation nocturne : coût et sécurité
FILL-010,2026-09-25,10:11,12:00,AFDS-214,Synchronisation nocturne : nouvelle version
FILL-011,2026-09-25,13:00,14:55,AFDS-214,Synchronisation nocturne : rapport de comparaison Excel et liste
FILL-012,2026-10-02,09:00,10:14,AFDS-148,Tests des tâches de workflow (phase 1)
FILL-013,2026-09-29,20:05,22:23,AFDS-215,Regroupement des fichiers et scripts du projet en un dépôt unique et centralisation des requêtes Power Query
FILL-014,2026-09-30,12:40,13:10,AFDS-176,Vérification des dates de tanking décalées par le fuseau horaire
